INSERT INTO itenspedidos ('idPedido','idProduto','quantidade','precoUnitario') VALUES 
 ('1','5','1','2.00'), 
 ('1','2','2','7.00'), 
 ('2','12','3','13.50'), 
 ('3','8','1','8.00'), 
 ('3','20','1','4.00'), 
 ('3','15','2','22.00'), 
 ('4','6','1','2.00'), 
 ('4','10','4','20.00'), 
 ('5','19','1','10.00'), 
 ('6','25','1','5.00'), 
 ('6','1','2','5.00'), 
 ('7','18','3','7.50'), 
 ('8','27','1','4.50'), 
 ('8','21','2','13.00'), 
 ('9','9','1','9.00'), 
 ('9','13','1','7.00'), 
 ('9','4','2','9.00'), 
 ('10','14','1','6.00'), 
 ('10','3','3','12.00'), 
 ('11','7','1','7.50'), 
 ('11','28','2','7.00'), 
 ('12','11','4','14.00'), 
 ('13','22','1','3.00'), 
 ('13','30','1','8.00'), 
 ('13','16','2','11.00'), 
 ('14','26','1','7.00'), 
 ('14','17','3','12.00'), 
 ('15','23','2','9.00'), 
 ('16','29','1','6.50'), 
 ('17','12','1','4.50'), 
 ('17','24','1','5.50'), 
 ('17','5','2','4.00'), 
 ('18','19','2','20.00'), 
 ('18','8','3','24.00'), 
 ('19','21','1','6.50'), 
 ('19','10','2','10.00'), 
 ('20','6','1','2.00'), 
 ('20','27','2','9.00'), 
 ('21','15','1','11.00'), 
 ('21','9','3','27.00'), 
 ('22','13','1','7.00'), 
 ('22','4','2','9.00'), 
 ('23','3','1','4.00'), 
 ('23','14','2','12.00'), 
 ('24','7','1','7.50'), 
 ('24','28','3','10.50'), 
 ('25','16','1','5.50'), 
 ('25','22','3','9.00'), 
 ('25','11','2','7.00'), 
 ('26','30','1','8.00'), 
 ('26','17','2','8.00'), 
 ('27','23','1','4.50'), 
 ('27','26','3','21.00'), 
 ('28','24','1','5.50'), 
 ('28','29','2','13.00'), 
 ('29','1','1','2.50'), 
 ('29','20','2','8.00'), 
 ('30','12','1','4.50'), 
 ('30','5','3','6.00'), 
 ('31','1','1','2.50'), 
 ('31','9','2','18.00'), 
 ('32','21','1','6.50'), 
 ('32','13','3','21.00'), 
 ('32','15','2','22.00'), 
 ('33','7','1','7.50'), 
 ('34','18','2','5.00'), 
 ('34','12','3','13.50'), 
 ('35','3','1','4.00'), 
 ('36','28','1','3.50'), 
 ('36','1','2','5.00'), 
 ('37','14','2','12.00'), 
 ('37','8','3','24.00'), 
 ('38','20','1','4.00'), 
 ('38','25','1','5.00'), 
 ('38','16','2','11.00'), 
 ('39','19','3','30.00'), 
 ('40','6','1','2.00'), 
 ('41','11','2','7.00'), 
 ('42','26','1','7.00'), 
 ('42','30','2','16.00'), 
 ('43','10','1','5.00'), 
 ('43','5','2','4.00'), 
 ('43','22','3','9.00'), 
 ('44','24','1','5.50'), 
 ('45','29','2','13.00'), 
 ('45','17','3','12.00'), 
 ('46','23','1','4.50'), 
 ('46','2','2','7.00'), 
 ('47','9','1','9.00'), 
 ('47','13','2','14.00'), 
 ('47','28','3','10.50'), 
 ('48','21','1','6.50'), 
 ('49','4','2','9.00'), 
 ('50','1','3','7.50'), 
 ('51','8','1','8.00'), 
 ('51','14','2','12.00'), 
 ('52','16','1','5.50'), 
 ('52','20','3','12.00'), 
 ('53','4','2','9.00'), 
 ('54','11','1','3.50'), 
 ('54','21','3','19.50'), 
 ('55','27','1','4.50'), 
 ('55','28','2','7.00'), 
 ('56','10','1','5.00'), 
 ('56','19','3','30.00'), 
 ('57','9','2','18.00'), 
 ('58','30','1','8.00'), 
 ('58','15','3','33.00'), 
 ('59','3','1','4.00'), 
 ('59','13','2','14.00'), 
 ('60','24','3','16.50'), 
 ('61','6','1','2.00'), 
 ('61','23','2','9.00'), 
 ('62','18','1','2.50'), 
 ('62','25','3','15.00'), 
 ('63','2','1','3.50'), 
 ('63','5','2','4.00'), 
 ('64','17','1','4.00'), 
 ('64','29','3','19.50'), 
 ('65','12','1','4.50'), 
 ('65','26','2','14.00'), 
 ('66','1','3','7.50'), 
 ('67','22','1','3.00'), 
 ('67','7','2','15.00'), 
 ('68','15','3','33.00'), 
 ('69','4','1','4.50'), 
 ('69','9','2','18.00'), 
 ('70','21','1','6.50'), 
 ('70','13','3','21.00'), 
 ('70','15','2','22.00'), 
 ('71','7','1','7.50'), 
 ('71','18','2','5.00'), 
 ('72','10','1','5.00'), 
 ('72','19','3','30.00'), 
 ('73','4','1','4.50'), 
 ('73','9','2','18.00'), 
 ('74','26','2','14.00'), 
 ('74','11','3','10.50'), 
 ('75','20','1','4.00'), 
 ('75','16','2','11.00'), 
 ('76','27','1','4.50'), 
 ('76','5','2','4.00'), 
 ('76','28','3','10.50'), 
 ('77','24','1','5.50'), 
 ('78','29','2','13.00'), 
 ('78','17','3','12.00'), 
 ('79','23','1','4.50'), 
 ('79','2','2','7.00'), 
 ('80','9','1','9.00'), 
 ('80','28','2','7.00'), 
 ('80','13','3','21.00'), 
 ('81','21','1','6.50'), 
 ('82','4','2','9.00'), 
 ('83','22','1','3.00'), 
 ('83','1','3','7.50'), 
 ('84','7','2','15.00'), 
 ('84','15','3','33.00'), 
 ('85','24','1','5.50'), 
 ('85','12','2','9.00'), 
 ('86','19','3','30.00'), 
 ('87','12','1','4.50'), 
 ('87','5','2','4.00'), 
 ('88','16','1','5.50'), 
 ('88','20','3','12.00'), 
 ('89','4','2','9.00'), 
 ('90','21','2','13.00'), 
 ('90','11','3','10.50'), 
 ('91','28','1','3.50'), 
 ('91','27','2','9.00'), 
 ('92','10','1','5.00'), 
 ('92','19','3','30.00'), 
 ('93','9','2','18.00'), 
 ('94','13','1','7.00'), 
 ('94','3','3','12.00'), 
 ('94','24','2','11.00'), 
 ('95','6','1','2.00'), 
 ('96','2','1','3.50'), 
 ('96','23','3','13.50'), 
 ('97','29','1','6.50'), 
 ('97','17','2','8.00'), 
 ('97','8','3','24.00'), 
 ('98','15','1','11.00'), 
 ('98','25','2','10.00'), 
 ('99','12','1','4.50'), 
 ('99','26','3','21.00'), 
 ('100','1','2','5.00'), 
 ('100','22','3','9.00'), 
 ('101','7','1','7.50'), 
 ('101','15','2','22.00'), 
 ('102','24','1','5.50'), 
 ('102','29','3','19.50'), 
 ('103','17','1','4.00'), 
 ('103','20','2','8.00'), 
 ('103','18','3','7.50'), 
 ('104','14','1','6.00'), 
 ('104','6','2','4.00'), 
 ('105','13','1','7.00'), 
 ('105','4','2','9.00'), 
 ('105','9','3','27.00'), 
 ('106','3','2','8.00'), 
 ('107','8','1','8.00'), 
 ('107','14','2','12.00'), 
 ('108','16','1','5.50'), 
 ('108','5','2','4.00'), 
 ('108','20','3','12.00'), 
 ('109','4','1','4.50'), 
 ('110','11','2','7.00'), 
 ('110','21','3','19.50'), 
 ('111','28','1','3.50'), 
 ('111','27','2','9.00'), 
 ('112','10','1','5.00'), 
 ('112','19','3','30.00'), 
 ('113','4','1','4.50'), 
 ('113','9','2','18.00'), 
 ('114','26','2','14.00'), 
 ('114','11','3','10.50'), 
 ('115','1','1','2.50'), 
 ('115','22','2','6.00'), 
 ('116','15','1','11.00'), 
 ('116','3','2','8.00'), 
 ('116','7','3','22.50'), 
 ('117','24','1','5.50'), 
 ('118','17','2','8.00'), 
 ('118','29','3','19.50'), 
 ('119','23','1','4.50'), 
 ('120','6','1','2.00'), 
 ('120','2','2','7.00'), 
 ('121','15','2','22.00'), 
 ('121','18','3','7.50'), 
 ('122','29','1','6.50'), 
 ('123','8','2','16.00'), 
 ('123','10','3','15.00'), 
 ('124','13','1','7.00'), 
 ('124','5','2','4.00'), 
 ('125','26','1','7.00'), 
 ('125','17','3','12.00'), 
 ('126','1','1','2.50'), 
 ('126','22','2','6.00'), 
 ('127','15','1','11.00'), 
 ('127','7','3','22.50'), 
 ('128','13','1','7.00'), 
 ('128','3','2','8.00'), 
 ('128','24','3','16.50'), 
 ('129','9','2','18.00'), 
 ('130','4','1','4.50'), 
 ('130','11','3','10.50'), 
 ('131','28','1','3.50'), 
 ('131','26','2','14.00'), 
 ('132','22','2','6.00'), 
 ('132','1','3','7.50'), 
 ('133','20','1','4.00'), 
 ('133','16','2','11.00'), 
 ('134','7','1','7.50'), 
 ('134','5','3','6.00'), 
 ('135','23','2','9.00'), 
 ('135','2','3','10.50'), 
 ('136','17','1','4.00'), 
 ('136','29','2','13.00'), 
 ('137','18','1','2.50'), 
 ('137','8','3','24.00'), 
 ('138','19','2','20.00'), 
 ('139','6','1','2.00'), 
 ('140','9','2','18.00'), 
 ('140','15','3','33.00'), 
 ('141','14','1','6.00'), 
 ('141','10','2','10.00'), 
 ('142','21','1','6.50'), 
 ('142','30','3','24.00'), 
 ('143','12','2','9.00'), 
 ('144','25','1','5.00'), 
 ('145','16','2','11.00'), 
 ('145','14','3','18.00'), 
 ('146','6','1','2.00'), 
 ('146','4','2','9.00'), 
 ('146','13','3','21.00'), 
 ('147','19','1','10.00'), 
 ('147','10','2','10.00'), 
 ('148','4','1','4.50'), 
 ('148','9','3','27.00'), 
 ('149','11','2','7.00'), 
 ('149','26','3','21.00'), 
 ('150','1','1','2.50'), 
 ('150','22','2','6.00'), 
 ('150','7','3','22.50'), 
 ('151','28','1','3.50'), 
 ('151','5','3','6.00'), 
 ('151','27','2','9.00'), 
 ('152','24','1','5.50'), 
 ('152','17','2','8.00'), 
 ('153','2','1','3.50'), 
 ('153','29','3','19.50'), 
 ('154','15','2','22.00'), 
 ('154','9','3','27.00'), 
 ('155','14','1','6.00'), 
 ('155','10','2','10.00'), 
 ('156','21','1','6.50'), 
 ('156','30','3','24.00'), 
 ('157','25','1','5.00'), 
 ('157','12','2','9.00'), 
 ('158','16','2','11.00'), 
 ('158','14','3','18.00'), 
 ('159','6','1','2.00'), 
 ('159','4','2','9.00'), 
 ('159','13','3','21.00'), 
 ('160','18','1','2.50'), 
 ('160','23','2','9.00'), 
 ('161','15','1','11.00'), 
 ('161','19','2','20.00'), 
 ('161','8','3','24.00'), 
 ('162','6','1','2.00'), 
 ('163','6','1','2.00'), 
 ('163','4','2','9.00'), 
 ('164','10','1','5.00'), 
 ('164','19','3','30.00'), 
 ('165','9','2','18.00'), 
 ('165','4','3','13.50'), 
 ('166','11','1','3.50'), 
 ('166','26','2','14.00'), 
 ('166','28','3','10.50'), 
 ('167','22','1','3.00'), 
 ('167','1','2','5.00'), 
 ('168','15','2','22.00'), 
 ('168','7','3','22.50'), 
 ('169','3','1','4.00'), 
 ('169','24','2','11.00'), 
 ('170','5','1','2.00'), 
 ('170','13','3','21.00'), 
 ('171','23','2','9.00'), 
 ('171','2','3','10.50'), 
 ('172','17','1','4.00'), 
 ('172','29','2','13.00'), 
 ('173','18','1','2.50'), 
 ('173','8','3','24.00'), 
 ('174','19','2','20.00'), 
 ('175','6','3','6.00'), 
 ('176','15','1','11.00'), 
 ('176','9','2','18.00'), 
 ('177','10','1','5.00'), 
 ('177','14','3','18.00'), 
 ('178','21','1','6.50'), 
 ('178','30','2','16.00'), 
 ('179','25','1','5.00'), 
 ('179','12','3','13.50'), 
 ('180','14','2','12.00'), 
 ('180','16','3','16.50'), 
 ('181','6','1','2.00'), 
 ('181','4','2','9.00'), 
 ('181','13','3','21.00'), 
 ('182','18','1','2.50'), 
 ('182','23','2','9.00'), 
 ('183','15','1','11.00'), 
 ('183','19','2','20.00'), 
 ('183','8','3','24.00'), 
 ('184','20','1','4.00'), 
 ('184','6','1','2.00'), 
 ('185','9','1','9.00'), 
 ('185','5','3','6.00'), 
 ('185','16','2','11.00'), 
 ('186','3','2','8.00'), 
 ('186','24','3','16.50'), 
 ('187','13','1','7.00'), 
 ('187','4','2','9.00'), 
 ('188','26','1','7.00'), 
 ('188','11','3','10.50'), 
 ('189','1','2','5.00'), 
 ('189','22','3','9.00'), 
 ('190','7','1','7.50'), 
 ('191','15','2','22.00'), 
 ('192','19','1','10.00'), 
 ('192','3','3','12.00'), 
 ('193','9','2','18.00'), 
 ('193','4','3','13.50'), 
 ('194','11','1','3.50'), 
 ('194','26','2','14.00'), 
 ('195','1','1','2.50'), 
 ('195','28','3','10.50'), 
 ('196','22','2','6.00'), 
 ('196','7','3','22.50'), 
 ('197','15','1','11.00'), 
 ('197','27','2','9.00'), 
 ('198','24','1','5.50'), 
 ('198','5','3','6.00'), 
 ('199','17','2','8.00'), 
 ('199','29','3','19.50'), 
 ('200','8','1','8.00'), 
 ('200','18','2','5.00'), 
 ('201','6','1','2.00'), 
 ('201','19','3','30.00'), 
 ('202','15','2','22.00'), 
 ('202','14','3','18.00'), 
 ('203','30','1','8.00'), 
 ('204','21','2','13.00'), 
 ('205','12','3','13.50'), 
 ('206','25','1','5.00'), 
 ('207','6','2','4.00'), 
 ('207','16','3','16.50'), 
 ('208','23','1','4.50'), 
 ('208','8','2','16.00'), 
 ('209','19','1','10.00'), 
 ('209','13','3','21.00'), 
 ('210','26','1','7.00'), 
 ('210','11','3','10.50'), 
 ('211','1','2','5.00'), 
 ('211','22','3','9.00'), 
 ('212','7','1','7.50'), 
 ('212','15','2','22.00'), 
 ('213','19','1','10.00'), 
 ('213','3','3','12.00'), 
 ('214','9','2','18.00'), 
 ('214','4','3','13.50'), 
 ('215','11','1','3.50'), 
 ('215','26','2','14.00'), 
 ('216','1','1','2.50'), 
 ('216','28','3','10.50'), 
 ('217','22','2','6.00'), 
 ('217','7','3','22.50'), 
 ('218','15','1','11.00'), 
 ('218','27','2','9.00'), 
 ('219','24','1','5.50'), 
 ('219','5','3','6.00'), 
 ('220','17','2','8.00'), 
 ('220','29','3','19.50'), 
 ('221','8','1','8.00'), 
 ('221','18','2','5.00'), 
 ('222','6','1','2.00'), 
 ('222','19','3','30.00'), 
 ('223','15','2','22.00'), 
 ('223','14','3','18.00'), 
 ('224','30','1','8.00'), 
 ('224','21','2','13.00'), 
 ('225','25','1','5.00'), 
 ('225','12','3','13.50'), 
 ('226','6','2','4.00'), 
 ('226','16','3','16.50'), 
 ('227','23','1','4.50'), 
 ('227','8','2','16.00'), 
 ('228','19','1','10.00'), 
 ('228','13','3','21.00'), 
 ('229','5','3','6.00'), 
 ('229','30','2','16.00'), 
 ('230','11','1','3.50'), 
 ('230','26','2','14.00'), 
 ('231','1','2','5.00'), 
 ('231','22','3','9.00'), 
 ('232','7','1','7.50'), 
 ('232','15','2','22.00'), 
 ('233','19','1','10.00'), 
 ('233','3','3','12.00'), 
 ('234','9','2','18.00'), 
 ('234','4','3','13.50'), 
 ('235','11','1','3.50'), 
 ('235','26','2','14.00'), 
 ('236','1','1','2.50'), 
 ('236','28','3','10.50'), 
 ('237','22','2','6.00'), 
 ('237','7','3','22.50'), 
 ('238','15','1','11.00'), 
 ('238','27','2','9.00'), 
 ('239','24','1','5.50'), 
 ('239','5','3','6.00'), 
 ('240','17','2','8.00'), 
 ('240','29','3','19.50'), 
 ('241','8','1','8.00'), 
 ('241','18','2','5.00'), 
 ('242','6','1','2.00'), 
 ('242','19','3','30.00'), 
 ('243','15','2','22.00'), 
 ('243','14','3','18.00'), 
 ('244','30','1','8.00'), 
 ('244','21','2','13.00'), 
 ('245','25','1','5.00'), 
 ('245','12','3','13.50'), 
 ('246','6','2','4.00'), 
 ('246','16','3','16.50'), 
 ('247','23','1','4.50'), 
 ('247','8','2','16.00'), 
 ('248','19','1','10.00'), 
 ('248','13','3','21.00'), 
 ('249','5','3','6.00'), 
 ('249','30','2','16.00'), 
 ('250','11','1','3.50'), 
 ('250','26','2','14.00'), 
 ('251','1','2','5.00'), 
 ('251','22','3','9.00'), 
 ('252','7','1','7.50'), 
 ('252','15','2','22.00'), 
 ('253','19','1','10.00'), 
 ('253','3','3','12.00'), 
 ('254','9','2','18.00'), 
 ('254','4','3','13.50'), 
 ('255','11','1','3.50'), 
 ('255','26','2','14.00'), 
 ('256','1','1','2.50'), 
 ('256','28','3','10.50'), 
 ('257','22','2','6.00'), 
 ('257','7','3','22.50'), 
 ('258','15','1','11.00'), 
 ('258','27','2','9.00'), 
 ('259','24','1','5.50'), 
 ('259','5','3','6.00');
 
INSERT INTO itenspedidos ('idPedido','idProduto','quantidade','precoUnitario') VALUES
 ('260','17','2','8.00'), 
 ('260','29','3','19.50'), 
 ('261','8','1','8.00'), 
 ('261','18','2','5.00'), 
 ('262','6','1','2.00'), 
 ('262','19','3','30.00'), 
 ('263','15','2','22.00'), 
 ('263','14','3','18.00'), 
 ('264','30','1','8.00'), 
 ('264','21','2','13.00'), 
 ('265','25','1','5.00'), 
 ('265','12','3','13.50'), 
 ('266','6','2','4.00'), 
 ('266','16','3','16.50'), 
 ('267','23','1','4.50'), 
 ('267','8','2','16.00'), 
 ('268','19','1','10.00'), 
 ('268','13','3','21.00'), 
 ('269','5','3','6.00'), 
 ('269','30','2','16.00'), 
 ('270','11','1','3.50'), 
 ('270','26','2','14.00'), 
 ('271','1','2','5.00'), 
 ('271','22','3','9.00'), 
 ('272','7','1','7.50'), 
 ('272','15','2','22.00'), 
 ('273','19','1','10.00'), 
 ('273','3','3','12.00'), 
 ('274','9','2','18.00'), 
 ('274','4','3','13.50'), 
 ('275','11','1','3.50'), 
 ('275','26','2','14.00'), 
 ('276','1','1','2.50'), 
 ('276','28','3','10.50'), 
 ('277','22','2','6.00'), 
 ('277','7','3','22.50'), 
 ('278','15','1','11.00'), 
 ('278','27','2','9.00'), 
 ('279','24','1','5.50'), 
 ('279','5','3','6.00'), 
 ('280','17','2','8.00'), 
 ('280','29','3','19.50'), 
 ('281','8','1','8.00'), 
 ('281','18','2','5.00'), 
 ('282','6','1','2.00'), 
 ('282','19','3','30.00'), 
 ('283','15','2','22.00'), 
 ('283','14','3','18.00'), 
 ('284','30','1','8.00'), 
 ('284','21','2','13.00'), 
 ('285','25','1','5.00'), 
 ('285','12','3','13.50'), 
 ('286','6','2','4.00'), 
 ('286','16','3','16.50'), 
 ('287','23','1','4.50'), 
 ('287','8','2','16.00'), 
 ('288','19','1','10.00'), 
 ('288','13','3','21.00'), 
 ('289','5','3','6.00'), 
 ('289','30','2','16.00'), 
 ('290','11','1','3.50'), 
 ('290','26','2','14.00'), 
 ('291','1','1','2.50'), 
 ('291','28','3','10.50'), 
 ('292','22','2','6.00'), 
 ('292','7','3','22.50'), 
 ('293','15','1','11.00'), 
 ('293','27','2','9.00'), 
 ('294','24','1','5.50'), 
 ('294','5','3','6.00'), 
 ('295','17','2','8.00'), 
 ('295','29','3','19.50'), 
 ('296','8','1','8.00'), 
 ('296','18','2','5.00'), 
 ('297','6','1','2.00'), 
 ('297','19','3','30.00'), 
 ('298','15','2','22.00'), 
 ('298','14','3','18.00'), 
 ('299','30','1','8.00'), 
 ('299','21','2','13.00'), 
 ('300','25','1','5.00'), 
 ('300','12','3','13.50'), 
 ('301','1','2','5.00'), 
 ('301','22','3','9.00'), 
 ('302','7','1','7.50'), 
 ('302','15','2','22.00'), 
 ('303','19','1','10.00'), 
 ('303','3','3','12.00'), 
 ('304','9','2','18.00'), 
 ('304','4','3','13.50'), 
 ('305','11','1','3.50'), 
 ('305','26','2','14.00'), 
 ('306','1','1','2.50'), 
 ('306','28','3','10.50'), 
 ('307','22','2','6.00'), 
 ('307','7','3','22.50'), 
 ('308','15','1','11.00'), 
 ('308','27','2','9.00'), 
 ('309','24','1','5.50'), 
 ('309','5','3','6.00'), 
 ('310','17','2','8.00'), 
 ('310','29','3','19.50'), 
 ('311','8','1','8.00'), 
 ('311','18','2','5.00'), 
 ('312','6','1','2.00'), 
 ('312','19','3','30.00'), 
 ('313','15','2','22.00'), 
 ('313','14','3','18.00'), 
 ('314','30','1','8.00'), 
 ('314','21','2','13.00'), 
 ('315','25','1','5.00'), 
 ('315','12','3','13.50'), 
 ('316','6','2','4.00'), 
 ('316','16','3','16.50'), 
 ('317','23','1','4.50'), 
 ('317','8','2','16.00'), 
 ('318','19','1','10.00'), 
 ('318','13','3','21.00'), 
 ('319','5','3','6.00'), 
 ('319','30','2','16.00'), 
 ('320','11','1','3.50'), 
 ('320','26','2','14.00'), 
 ('321','4','1','4.50'), 
 ('321','1','3','7.50'), 
 ('322','2','2','7.00'), 
 ('322','9','3','27.00'), 
 ('323','14','2','12.00'), 
 ('323','11','1','3.50'), 
 ('324','27','1','4.50'), 
 ('324','20','3','12.00'), 
 ('325','10','2','10.00'), 
 ('325','18','3','7.50'), 
 ('326','16','1','5.50'), 
 ('326','12','2','9.00'), 
 ('327','29','1','6.50'), 
 ('327','8','3','24.00'), 
 ('328','5','2','4.00'), 
 ('328','25','3','15.00'), 
 ('329','21','1','6.50'), 
 ('329','24','2','16.50'), 
 ('330','17','1','4.00'), 
 ('330','3','3','12.00'), 
 ('331','7','2','15.00'), 
 ('331','15','3','33.00'), 
 ('332','27','1','4.50'), 
 ('332','6','2','4.00'), 
 ('333','19','1','10.00'), 
 ('333','4','3','13.50'), 
 ('334','30','2','16.00'), 
 ('334','1','3','7.50'), 
 ('335','14','2','12.00'), 
 ('335','11','1','3.50'), 
 ('336','1','2','5.00'), 
 ('336','22','3','9.00'), 
 ('337','7','1','7.50'), 
 ('337','15','2','22.00'), 
 ('338','19','1','10.00'), 
 ('338','3','3','12.00'), 
 ('339','9','2','18.00'), 
 ('339','4','3','13.50'), 
 ('340','11','1','3.50'), 
 ('340','26','2','14.00'), 
 ('341','1','1','2.50'), 
 ('341','28','3','10.50'), 
 ('342','22','2','6.00'), 
 ('342','7','3','22.50'), 
 ('343','15','1','11.00'), 
 ('343','27','2','9.00'), 
 ('344','24','1','5.50'), 
 ('344','5','3','6.00'), 
 ('345','17','2','8.00'), 
 ('345','29','3','19.50'), 
 ('346','8','1','8.00'), 
 ('346','18','2','5.00'), 
 ('347','6','1','2.00'), 
 ('347','19','3','30.00'), 
 ('348','15','2','22.00'), 
 ('348','14','3','18.00'), 
 ('349','30','1','8.00'), 
 ('349','21','2','13.00'), 
 ('350','25','1','5.00'), 
 ('350','12','3','13.50'), 
 ('351','1','2','5.00'), 
 ('351','22','3','9.00'), 
 ('352','7','1','7.50'), 
 ('352','15','2','22.00'), 
 ('353','19','1','10.00'), 
 ('353','3','3','12.00'), 
 ('354','9','2','18.00'), 
 ('354','4','3','13.50'), 
 ('355','11','1','3.50'), 
 ('355','26','2','14.00'), 
 ('356','1','1','2.50'), 
 ('356','28','3','10.50'), 
 ('357','22','2','6.00'), 
 ('357','7','3','22.50'), 
 ('358','15','1','11.00'), 
 ('358','27','2','9.00'), 
 ('359','24','1','5.50'), 
 ('359','5','3','6.00'), 
 ('360','17','2','8.00'), 
 ('360','29','3','19.50'), 
 ('361','8','1','8.00'), 
 ('361','18','2','5.00'), 
 ('362','6','1','2.00'), 
 ('362','19','3','30.00'), 
 ('363','15','2','22.00'), 
 ('363','14','3','18.00'), 
 ('364','30','1','8.00'), 
 ('364','21','2','13.00'), 
 ('365','25','1','5.00'), 
 ('365','12','3','13.50'), 
 ('366','6','2','4.00'), 
 ('366','16','3','16.50'), 
 ('367','23','1','4.50'), 
 ('367','8','2','16.00'), 
 ('368','19','1','10.00'), 
 ('368','13','3','21.00'), 
 ('369','30','2','16.00'), 
 ('369','5','3','6.00'), 
 ('370','11','1','3.50'), 
 ('370','26','2','14.00'), 
 ('371','4','1','4.50'), 
 ('371','1','3','7.50'), 
 ('372','2','2','7.00'), 
 ('372','9','3','27.00'), 
 ('373','14','2','12.00'), 
 ('373','11','1','3.50'), 
 ('374','27','1','4.50'), 
 ('374','20','3','12.00'), 
 ('375','10','2','10.00'), 
 ('375','18','3','7.50'), 
 ('376','16','1','5.50'), 
 ('376','12','2','9.00'), 
 ('377','29','1','6.50'), 
 ('377','8','3','24.00'), 
 ('378','5','2','4.00'), 
 ('378','25','3','15.00'), 
 ('379','21','1','6.50'), 
 ('379','24','2','16.50'), 
 ('380','17','1','4.00'), 
 ('380','3','3','12.00'), 
 ('381','7','2','15.00'), 
 ('381','15','3','33.00'), 
 ('382','27','1','4.50'), 
 ('382','6','2','4.00'), 
 ('383','19','1','10.00'), 
 ('383','4','3','13.50'), 
 ('384','30','2','16.00'), 
 ('384','1','3','7.50'), 
 ('385','14','2','12.00'), 
 ('385','11','1','3.50'), 
 ('386','16','1','5.50'), 
 ('386','8','3','24.00'), 
 ('387','23','2','9.00'), 
 ('387','26','3','21.00'), 
 ('388','18','1','2.50'), 
 ('388','10','2','10.00'), 
 ('389','25','1','5.00'), 
 ('389','12','3','13.50'), 
 ('390','6','2','4.00'), 
 ('390','22','3','9.00'), 
 ('391','1','2','5.00'), 
 ('391','22','3','9.00'), 
 ('392','7','1','7.50'), 
 ('392','15','2','22.00'), 
 ('393','19','1','10.00'), 
 ('393','3','3','12.00'), 
 ('394','9','2','18.00'), 
 ('394','4','3','13.50'), 
 ('395','11','1','3.50'), 
 ('395','26','2','14.00'), 
 ('396','1','1','2.50'), 
 ('396','28','3','10.50'), 
 ('397','22','2','6.00'), 
 ('397','7','3','22.50'), 
 ('398','15','1','11.00'), 
 ('398','27','2','9.00'), 
 ('399','24','1','5.50'), 
 ('399','5','3','6.00'), 
 ('400','17','2','8.00'), 
 ('400','29','3','19.50'), 
 ('401','8','1','8.00'), 
 ('401','18','2','5.00'), 
 ('402','6','1','2.00'), 
 ('402','19','3','30.00'), 
 ('403','15','2','22.00'), 
 ('403','14','3','18.00'), 
 ('404','30','1','8.00'), 
 ('404','21','2','13.00'), 
 ('405','25','1','5.00'), 
 ('405','12','3','13.50'), 
 ('406','6','2','4.00'), 
 ('406','16','3','16.50'), 
 ('407','23','1','4.50'), 
 ('407','8','2','16.00'), 
 ('408','19','1','10.00'), 
 ('408','13','3','21.00'), 
 ('409','30','2','16.00'), 
 ('409','5','3','6.00'), 
 ('410','11','1','3.50'), 
 ('410','26','2','14.00'), 
 ('411','4','1','4.50'), 
 ('411','1','3','7.50'), 
 ('412','2','2','7.00'), 
 ('412','9','3','27.00'), 
 ('413','14','2','12.00'), 
 ('413','11','1','3.50'), 
 ('414','27','1','4.50'), 
 ('414','20','3','12.00'), 
 ('415','10','2','10.00'), 
 ('415','18','3','7.50'), 
 ('416','16','1','5.50'), 
 ('416','12','2','9.00'), 
 ('417','29','1','6.50'), 
 ('417','8','3','24.00'), 
 ('418','5','2','4.00'), 
 ('418','25','3','15.00'), 
 ('419','21','1','6.50'), 
 ('419','24','2','16.50'), 
 ('420','17','1','4.00'), 
 ('420','3','3','12.00'), 
 ('421','1','2','5.00'), 
 ('421','22','3','9.00'), 
 ('422','7','1','7.50'), 
 ('422','15','2','22.00'), 
 ('423','19','1','10.00'), 
 ('423','3','3','12.00'), 
 ('424','9','2','18.00'), 
 ('424','4','3','13.50'), 
 ('425','11','1','3.50'), 
 ('425','26','2','14.00'), 
 ('426','1','1','2.50'), 
 ('426','28','3','10.50'), 
 ('427','22','2','6.00'), 
 ('427','7','3','22.50'), 
 ('428','15','1','11.00'), 
 ('428','27','2','9.00'), 
 ('429','24','1','5.50'), 
 ('429','5','3','6.00'), 
 ('430','17','2','8.00'), 
 ('430','29','3','19.50'), 
 ('431','8','1','8.00'), 
 ('431','18','2','5.00'), 
 ('432','6','1','2.00'), 
 ('432','19','3','30.00'), 
 ('433','15','2','22.00'), 
 ('433','14','3','18.00'), 
 ('434','30','1','8.00'), 
 ('434','21','2','13.00'), 
 ('435','25','1','5.00'), 
 ('435','12','3','13.50'), 
 ('436','6','2','4.00'), 
 ('436','16','3','16.50'), 
 ('437','23','1','4.50'), 
 ('437','8','2','16.00'), 
 ('438','19','1','10.00'), 
 ('438','13','3','21.00'), 
 ('439','30','2','16.00'), 
 ('439','5','3','6.00'), 
 ('440','11','1','3.50'), 
 ('440','26','2','14.00'), 
 ('441','4','1','4.50'), 
 ('441','1','3','7.50'), 
 ('442','2','2','7.00'), 
 ('442','9','3','27.00'), 
 ('443','14','2','12.00'), 
 ('443','11','1','3.50'), 
 ('444','27','1','4.50'), 
 ('444','20','3','12.00'), 
 ('445','10','2','10.00'), 
 ('445','18','3','7.50'), 
 ('446','16','1','5.50'), 
 ('446','12','2','9.00'), 
 ('447','29','1','6.50'), 
 ('447','8','3','24.00'), 
 ('448','5','2','4.00'), 
 ('448','25','3','15.00'), 
 ('449','21','1','6.50'), 
 ('449','24','2','16.50'), 
 ('450','17','1','4.00'), 
 ('450','3','3','12.00');